Id,Date,Steps,Distance,TrackerDistance,LoggedActivitiesDistance,VeryActiveDistance,ModeratelyActiveDistance,LightActiveDistance,SedentaryActiveDistance,VeryActiveMinutes,FairlyActiveMinutes,LightlyActiveMinutes,SedentaryMinutes,Calories,TotalMinutesAsleep,SleepHours,DayOfWeek,ActivityLevel,SleepQuality
1503960366,2016-04-12,13162,8.5,8.5,0.0,1.87999999523163,0.550000011920929,6.05999994277954,0.0,25,13,328,728,1985,327.0,5.45,Tuesday,High,Poor
1503960366,2016-04-13,10735,6.96999979019165,6.96999979019165,0.0,1.57000005245209,0.689999997615814,4.71000003814697,0.0,21,19,217,776,1797,384.0,6.4,Wednesday,High,Poor
1503960366,2016-04-15,9762,6.28000020980835,6.28000020980835,0.0,2.14000010490417,1.25999999046326,2.82999992370605,0.0,29,34,209,726,1745,412.0,6.866666666666666,Friday,Moderate,Poor
1503960366,2016-04-16,12669,8.15999984741211,8.15999984741211,0.0,2.71000003814697,0.409999996423721,5.03999996185303,0.0,36,10,221,773,1863,340.0,5.666666666666667,Saturday,High,Poor
1503960366,2016-04-17,9705,6.48000001907349,6.48000001907349,0.0,3.19000005722046,0.779999971389771,2.50999999046326,0.0,38,20,164,539,1728,700.0,11.666666666666666,Sunday,Moderate,Good
1503960366,2016-04-19,15506,9.88000011444092,9.88000011444092,0.0,3.52999997138977,1.32000005245209,5.03000020980835,0.0,50,31,264,775,2035,304.0,5.066666666666666,Tuesday,High,Poor
1503960366,2016-04-20,10544,6.67999982833862,6.67999982833862,0.0,1.96000003814697,0.479999989271164,4.23999977111816,0.0,28,12,205,818,1786,360.0,6.0,Wednesday,High,Poor
1503960366,2016-04-21,9819,6.34000015258789,6.34000015258789,0.0,1.3400000333786,0.349999994039536,4.65000009536743,0.0,19,8,211,838,1775,325.0,5.416666666666667,Thursday,Moderate,Poor
1503960366,2016-04-23,14371,9.03999996185303,9.03999996185303,0.0,2.80999994277954,0.870000004768372,5.3600001335144,0.0,41,21,262,732,1949,361.0,6.016666666666667,Saturday,High,Poor
1503960366,2016-04-24,10039,6.40999984741211,6.40999984741211,0.0,2.92000007629395,0.209999993443489,3.27999997138977,0.0,39,5,238,709,1788,430.0,7.166666666666667,Sunday,High,Optimal
1503960366,2016-04-25,15355,9.80000019073486,9.80000019073486,0.0,5.28999996185303,0.569999992847443,3.94000005722046,0.0,73,14,216,814,2013,277.0,4.616666666666666,Monday,High,Poor
1503960366,2016-04-26,13755,8.78999996185303,8.78999996185303,0.0,2.32999992370605,0.920000016689301,5.53999996185303,0.0,31,23,279,833,1970,245.0,4.083333333333333,Tuesday,High,Poor
1503960366,2016-04-28,13154,8.52999973297119,8.52999973297119,0.0,3.53999996185303,1.1599999666214,3.78999996185303,0.0,48,28,189,782,1898,366.0,6.1,Thursday,High,Poor
1503960366,2016-04-29,11181,7.15000009536743,7.15000009536743,0.0,1.05999994277954,0.5,5.57999992370605,0.0,16,12,243,815,1837,341.0,5.683333333333334,Friday,High,Poor
1503960366,2016-04-30,14673,9.25,9.25,0.0,3.55999994277954,1.41999995708466,4.26999998092651,0.0,52,34,217,712,1947,404.0,6.733333333333333,Saturday,High,Poor
1503960366,2016-05-01,10602,6.80999994277954,6.80999994277954,0.0,2.28999996185303,1.60000002384186,2.92000007629395,0.0,33,35,246,730,1820,369.0,6.15,Sunday,High,Poor
1503960366,2016-05-02,14727,9.71000003814697,9.71000003814697,0.0,3.21000003814697,0.569999992847443,5.92000007629395,0.0,41,15,277,798,2004,277.0,4.616666666666666,Monday,High,Poor
1503960366,2016-05-03,15103,9.65999984741211,9.65999984741211,0.0,3.73000001907349,1.04999995231628,4.88000011444092,0.0,50,24,254,816,1990,273.0,4.55,Tuesday,High,Poor
1503960366,2016-05-05,14070,8.89999961853027,8.89999961853027,0.0,2.92000007629395,1.08000004291534,4.88000011444092,0.0,45,24,250,857,1959,247.0,4.116666666666666,Thursday,High,Poor
1503960366,2016-05-06,12159,8.02999973297119,8.02999973297119,0.0,1.97000002861023,0.25,5.80999994277954,0.0,24,6,289,754,1896,334.0,5.566666666666666,Friday,High,Poor
1503960366,2016-05-07,11992,7.71000003814697,7.71000003814697,0.0,2.46000003814697,2.11999988555908,3.13000011444092,0.0,37,46,175,833,1821,331.0,5.516666666666667,Saturday,High,Poor
1503960366,2016-05-08,10060,6.57999992370605,6.57999992370605,0.0,3.52999997138977,0.319999992847443,2.73000001907349,0.0,44,8,203,574,1740,594.0,9.9,Sunday,High,Good
1503960366,2016-05-09,12022,7.71999979019165,7.71999979019165,0.0,3.45000004768372,0.529999971389771,3.74000000953674,0.0,46,11,206,835,1819,338.0,5.633333333333334,Monday,High,Poor
1503960366,2016-05-10,12207,7.76999998092651,7.76999998092651,0.0,3.34999990463257,1.1599999666214,3.25999999046326,0.0,46,31,214,746,1859,383.0,6.383333333333334,Tuesday,High,Poor
1503960366,2016-05-11,12770,8.13000011444092,8.13000011444092,0.0,2.55999994277954,1.00999999046326,4.55000019073486,0.0,36,23,251,669,1783,285.0,4.75,Wednesday,High,Poor
1644430081,2016-04-29,3176,2.30999994277954,2.30999994277954,0.0,0.0,0.0,2.30999994277954,0.0,0,0,120,1193,2498,119.0,1.9833333333333334,Friday,Low,Poor
1644430081,2016-04-30,18213,13.2399997711182,13.2399997711182,0.0,0.629999995231628,3.14000010490417,9.46000003814697,0.0,9,71,402,816,3846,124.0,2.066666666666667,Saturday,High,Poor
1644430081,2016-05-02,3758,2.73000001907349,2.73000001907349,0.0,0.0700000002980232,0.310000002384186,2.34999990463257,0.0,1,7,148,682,2580,796.0,13.266666666666667,Monday,Low,Good
1644430081,2016-05-08,6724,4.8899998664856,4.8899998664856,0.0,0.0,0.0,4.88000011444092,0.0,0,0,295,991,2987,137.0,2.283333333333333,Sunday,Low,Poor
1844505072,2016-04-15,3844,2.53999996185303,2.53999996185303,0.0,0.0,0.0,2.53999996185303,0.0,0,0,176,527,1725,644.0,10.733333333333333,Friday,Low,Good
1844505072,2016-04-30,4014,2.67000007629395,2.67000007629395,0.0,0.0,0.0,2.65000009536743,0.0,0,0,184,218,1763,722.0,12.033333333333333,Saturday,Low,Good
1844505072,2016-05-01,2573,1.70000004768372,1.70000004768372,0.0,0.0,0.259999990463257,1.45000004768372,0.0,0,7,75,585,1541,590.0,9.833333333333334,Sunday,Low,Good
1927972279,2016-04-12,678,0.469999998807907,0.469999998807907,0.0,0.0,0.0,0.469999998807907,0.0,0,0,55,734,2220,750.0,12.5,Tuesday,Low,Good
1927972279,2016-04-13,356,0.25,0.25,0.0,0.0,0.0,0.25,0.0,0,0,32,986,2151,398.0,6.633333333333334,Wednesday,Low,Poor
1927972279,2016-04-15,980,0.680000007152557,0.680000007152557,0.0,0.0,0.0,0.680000007152557,0.0,0,0,51,941,2221,475.0,7.916666666666667,Friday,Low,Optimal
1927972279,2016-04-26,3761,2.59999990463257,2.59999990463257,0.0,0.0,0.0,2.59999990463257,0.0,0,0,192,1058,2638,296.0,4.933333333333334,Tuesday,Low,Poor
1927972279,2016-04-28,1675,1.1599999666214,1.1599999666214,0.0,0.0,0.0,1.1599999666214,0.0,0,0,95,1167,2351,166.0,2.7666666666666666,Thursday,Low,Poor
2026352035,2016-04-12,4414,2.74000000953674,2.74000000953674,0.0,0.189999997615814,0.349999994039536,2.20000004768372,0.0,3,8,181,706,1459,503.0,8.383333333333333,Tuesday,Low,Good
2026352035,2016-04-13,4993,3.09999990463257,3.09999990463257,0.0,0.0,0.0,3.09999990463257,0.0,0,0,238,663,1521,531.0,8.85,Wednesday,Low,Good
2026352035,2016-04-14,3335,2.0699999332428,2.0699999332428,0.0,0.0,0.0,2.04999995231628,0.0,0,0,197,653,1431,545.0,9.083333333333334,Thursday,Low,Good
2026352035,2016-04-15,3821,2.36999988555908,2.36999988555908,0.0,0.0,0.0,2.36999988555908,0.0,0,0,188,687,1444,523.0,8.716666666666667,Friday,Low,Good
2026352035,2016-04-16,2547,1.58000004291534,1.58000004291534,0.0,0.0,0.0,1.58000004291534,0.0,0,0,150,728,1373,524.0,8.733333333333333,Saturday,Low,Good
2026352035,2016-04-17,838,0.519999980926514,0.519999980926514,0.0,0.0,0.0,0.519999980926514,0.0,0,0,60,1053,1214,437.0,7.283333333333333,Sunday,Low,Optimal
2026352035,2016-04-19,2424,1.5,1.5,0.0,0.0,0.0,1.5,0.0,0,0,141,785,1356,498.0,8.3,Tuesday,Low,Good
2026352035,2016-04-20,7222,4.48000001907349,4.48000001907349,0.0,0.0,0.0,4.48000001907349,0.0,0,0,327,623,1667,461.0,7.683333333333334,Wednesday,Low,Optimal
2026352035,2016-04-21,2467,1.52999997138977,1.52999997138977,0.0,0.0,0.0,1.52999997138977,0.0,0,0,153,749,1370,477.0,7.95,Thursday,Low,Optimal
2026352035,2016-04-22,2915,1.80999994277954,1.80999994277954,0.0,0.0,0.0,1.80999994277954,0.0,0,0,162,712,1399,520.0,8.666666666666666,Friday,Low,Good
2026352035,2016-04-23,12357,7.71000003814697,7.71000003814697,0.0,0.0,0.0,7.71000003814697,0.0,0,0,432,458,1916,522.0,8.7,Saturday,High,Good
2026352035,2016-04-24,3490,2.16000008583069,2.16000008583069,0.0,0.0,0.0,2.16000008583069,0.0,0,0,164,704,1401,555.0,9.25,Sunday,Low,Good
2026352035,2016-04-25,6017,3.73000001907349,3.73000001907349,0.0,0.0,0.0,3.73000001907349,0.0,0,0,260,821,1576,506.0,8.433333333333334,Monday,Low,Good
2026352035,2016-04-27,6088,3.76999998092651,3.76999998092651,0.0,0.0,0.0,3.76999998092651,0.0,0,0,286,586,1593,508.0,8.466666666666667,Wednesday,Low,Good
2026352035,2016-04-28,6375,3.95000004768372,3.95000004768372,0.0,0.0,0.0,3.95000004768372,0.0,0,0,331,626,1649,513.0,8.55,Thursday,Low,Good
2026352035,2016-04-29,7604,4.71000003814697,4.71000003814697,0.0,0.0,0.0,4.71000003814697,0.0,0,0,352,492,1692,490.0,8.166666666666666,Friday,Moderate,Good
2026352035,2016-04-30,4729,2.9300000667572,2.9300000667572,0.0,0.0,0.0,2.9300000667572,0.0,0,0,233,594,1506,573.0,9.55,Saturday,Low,Good
2026352035,2016-05-01,3609,2.27999997138977,2.27999997138977,0.0,0.0,0.0,2.27999997138977,0.0,0,0,191,716,1447,527.0,8.783333333333333,Sunday,Low,Good
2026352035,2016-05-02,7018,4.34999990463257,4.34999990463257,0.0,0.0,0.0,4.34999990463257,0.0,0,0,355,716,1690,511.0,8.516666666666667,Monday,Low,Good
2026352035,2016-05-04,6564,4.07000017166138,4.07000017166138,0.0,0.0,0.0,4.07000017166138,0.0,0,0,345,530,1658,538.0,8.966666666666667,Wednesday,Low,Good
2026352035,2016-05-05,12167,7.53999996185303,7.53999996185303,0.0,0.0,0.0,7.53999996185303,0.0,0,0,475,479,1926,468.0,7.8,Thursday,High,Optimal
2026352035,2016-05-06,8198,5.07999992370605,5.07999992370605,0.0,0.0,0.0,5.07999992370605,0.0,0,0,383,511,1736,524.0,8.733333333333333,Friday,Moderate,Good
2026352035,2016-05-07,4193,2.59999990463257,2.59999990463257,0.0,0.0,0.0,2.59999990463257,0.0,0,0,229,665,1491,511.0,8.516666666666667,Saturday,Low,Good
2026352035,2016-05-08,5528,3.45000004768372,3.45000004768372,0.0,0.0,0.0,3.45000004768372,0.0,0,0,258,610,1555,541.0,9.016666666666667,Sunday,Low,Good
2026352035,2016-05-09,10685,6.61999988555908,6.61999988555908,0.0,0.0,0.0,6.59999990463257,0.0,0,0,401,543,1869,531.0,8.85,Monday,High,Good
2026352035,2016-05-10,254,0.159999996423721,0.159999996423721,0.0,0.0,0.0,0.159999996423721,0.0,0,0,17,1002,1141,357.0,5.95,Tuesday,Low,Poor
2026352035,2016-05-11,8580,5.32000017166138,5.32000017166138,0.0,0.0,0.0,5.32000017166138,0.0,0,0,330,569,1698,523.0,8.716666666666667,Wednesday,Moderate,Good
2026352035,2016-05-12,8891,5.51000022888184,5.51000022888184,0.0,0.0,0.0,5.51000022888184,0.0,0,0,343,330,1364,456.0,7.6,Thursday,Moderate,Optimal
2320127002,2016-04-23,5079,3.42000007629395,3.42000007629395,0.0,0.0,0.0,3.42000007629395,0.0,0,0,242,1129,1804,61.0,1.0166666666666666,Saturday,Low,Poor
2347167796,2016-04-13,10352,7.01000022888184,7.01000022888184,0.0,1.6599999666214,1.94000005722046,3.41000008583069,0.0,19,32,195,676,2038,467.0,7.783333333333333,Wednesday,High,Optimal
2347167796,2016-04-14,10129,6.69999980926514,6.69999980926514,0.0,0.0199999995529652,2.74000000953674,3.94000005722046,0.0,1,48,206,705,2010,445.0,7.416666666666667,Thursday,High,Optimal
2347167796,2016-04-15,10465,6.92000007629395,6.92000007629395,0.0,0.0700000002980232,1.41999995708466,5.42999982833862,0.0,1,24,284,720,2133,452.0,7.533333333333333,Friday,High,Optimal
2347167796,2016-04-17,5472,3.61999988555908,3.61999988555908,0.0,0.0799999982118607,0.280000001192093,3.25999999046326,0.0,1,7,249,508,1882,556.0,9.266666666666667,Sunday,Low,Good
2347167796,2016-04-18,8247,5.44999980926514,5.44999980926514,0.0,0.790000021457672,0.860000014305115,3.78999996185303,0.0,11,16,206,678,1944,500.0,8.333333333333334,Monday,Moderate,Good
2347167796,2016-04-19,6711,4.44000005722046,4.44000005722046,0.0,0.0,0.0,4.44000005722046,0.0,0,7,382,648,2346,465.0,7.75,Tuesday,Low,Optimal
2347167796,2016-04-21,10080,6.75,6.75,0.0,1.85000002384186,1.52999997138977,3.38000011444092,0.0,23,26,208,761,2048,460.0,7.666666666666667,Thursday,High,Optimal
2347167796,2016-04-22,7804,5.15999984741211,5.15999984741211,0.0,0.560000002384186,1.67999994754791,2.92000007629395,0.0,9,27,206,781,1946,405.0,6.75,Friday,Moderate,Poor
2347167796,2016-04-23,16901,11.3699998855591,11.3699998855591,0.0,2.77999997138977,1.45000004768372,7.15000009536743,0.0,32,35,360,591,2629,374.0,6.233333333333333,Saturday,High,Poor
2347167796,2016-04-24,9471,6.26000022888184,6.26000022888184,0.0,0.0,0.0,6.26000022888184,0.0,0,0,360,584,2187,442.0,7.366666666666666,Sunday,Moderate,Optimal
2347167796,2016-04-25,9482,6.38000011444092,6.38000011444092,0.0,1.26999998092651,0.519999980926514,4.59999990463257,0.0,15,11,277,653,2095,433.0,7.216666666666667,Monday,Moderate,Optimal
2347167796,2016-04-26,5980,3.95000004768372,3.95000004768372,0.0,0.0,0.0,3.95000004768372,0.0,0,0,227,732,1861,436.0,7.266666666666667,Tuesday,Low,Optimal
2347167796,2016-04-27,11423,7.57999992370605,7.57999992370605,0.0,1.86000001430511,0.400000005960464,5.32000017166138,0.0,26,9,295,623,2194,448.0,7.466666666666667,Wednesday,High,Optimal
2347167796,2016-04-28,5439,3.59999990463257,3.59999990463257,0.0,0.0,0.0,3.59999990463257,0.0,0,0,229,764,1854,408.0,6.8,Thursday,Low,Poor
2347167796,2016-04-29,42,0.0299999993294477,0.0299999993294477,0.0,0.0,0.0,0.0299999993294477,0.0,0,0,4,2,403,411.0,6.85,Friday,Low,Poor
3977333714,2016-04-12,8856,5.98000001907349,5.98000001907349,0.0,3.05999994277954,0.910000026226044,2.00999999046326,0.0,44,19,131,777,1450,274.0,4.566666666666666,Tuesday,Moderate,Poor
3977333714,2016-04-13,10035,6.71000003814697,6.71000003814697,0.0,2.02999997138977,2.13000011444092,2.54999995231628,0.0,31,46,153,754,1495,295.0,4.916666666666667,Wednesday,High,Poor
3977333714,2016-04-14,7641,5.1100001335144,5.1100001335144,0.0,0.319999992847443,0.970000028610229,3.8199999332428,0.0,5,23,214,801,1433,291.0,4.85,Thursday,Moderate,Poor
3977333714,2016-04-15,9010,6.05999994277954,6.05999994277954,0.0,1.04999995231628,1.75,3.25999999046326,0.0,15,42,183,644,1468,424.0,7.066666666666666,Friday,Moderate,Optimal
3977333714,2016-04-16,13459,9.0,9.0,0.0,2.02999997138977,4.0,2.97000002861023,0.0,31,83,153,663,1625,283.0,4.716666666666667,Saturday,High,Poor
3977333714,2016-04-17,10415,6.96999979019165,6.96999979019165,0.0,0.699999988079071,2.34999990463257,3.92000007629395,0.0,11,58,205,600,1529,381.0,6.35,Sunday,High,Poor
3977333714,2016-04-18,11663,7.80000019073486,7.80000019073486,0.0,0.25,3.73000001907349,3.8199999332428,0.0,4,95,214,605,1584,412.0,6.866666666666666,Monday,High,Poor
3977333714,2016-04-19,12414,8.77999973297119,8.77999973297119,0.0,2.24000000953674,2.45000004768372,3.96000003814697,0.0,19,67,221,738,1638,219.0,3.65,Tuesday,High,Poor
3977333714,2016-04-20,11658,7.82999992370605,7.82999992370605,0.0,0.200000002980232,4.34999990463257,3.27999997138977,0.0,2,98,164,845,1554,152.0,2.533333333333333,Wednesday,High,Poor
3977333714,2016-04-21,6093,4.07999992370605,4.07999992370605,0.0,0.0,0.0,4.05999994277954,0.0,0,0,242,712,1397,332.0,5.533333333333333,Thursday,Low,Poor
3977333714,2016-04-22,8911,5.96000003814697,5.96000003814697,0.0,2.32999992370605,0.579999983310699,3.05999994277954,0.0,33,12,188,731,1481,355.0,5.916666666666667,Friday,Moderate,Poor
3977333714,2016-04-23,12058,8.06999969482422,8.06999969482422,0.0,0.0,4.21999979019165,3.84999990463257,0.0,0,92,252,724,1638,235.0,3.9166666666666665,Saturday,High,Poor
3977333714,2016-04-24,14112,10.0,10.0,0.0,3.26999998092651,4.55999994277954,2.17000007629395,0.0,30,95,129,660,1655,310.0,5.166666666666667,Sunday,High,Poor
3977333714,2016-04-25,11177,8.47999954223633,8.47999954223633,0.0,5.61999988555908,0.430000007152557,2.41000008583069,0.0,50,9,133,781,1570,262.0,4.366666666666666,Monday,High,Poor
3977333714,2016-04-26,11388,7.61999988555908,7.61999988555908,0.0,0.449999988079071,4.21999979019165,2.95000004768372,0.0,7,95,170,797,1551,250.0,4.166666666666667,Tuesday,High,Poor
3977333714,2016-04-27,7193,5.03999996185303,5.03999996185303,0.0,0.0,0.419999986886978,4.61999988555908,0.0,0,10,176,714,1377,349.0,5.816666666666666,Wednesday,Low,Poor
3977333714,2016-04-28,7114,4.88000011444092,4.88000011444092,0.0,1.37000000476837,0.28999999165535,3.22000002861023,0.0,15,8,190,804,1407,261.0,4.35,Thursday,Low,Poor
3977333714,2016-04-29,10645,7.75,7.75,0.0,3.74000000953674,1.29999995231628,2.71000003814697,0.0,36,32,150,744,1545,333.0,5.55,Friday,High,Poor
3977333714,2016-04-30,13238,9.19999980926514,9.19999980926514,0.0,3.69000005722046,2.09999990463257,3.41000008583069,0.0,43,52,194,687,1650,237.0,3.95,Saturday,High,Poor
3977333714,2016-05-01,10414,7.07000017166138,7.07000017166138,0.0,2.67000007629395,1.98000001907349,2.41000008583069,0.0,41,40,124,691,1501,383.0,6.383333333333334,Sunday,High,Poor
3977333714,2016-05-02,16520,11.0500001907349,11.0500001907349,0.0,1.53999996185303,6.48000001907349,3.01999998092651,0.0,24,143,176,713,1760,230.0,3.8333333333333335,Monday,High,Poor
3977333714,2016-05-03,14335,9.59000015258789,9.59000015258789,0.0,3.3199999332428,1.74000000953674,4.53000020980835,0.0,47,41,258,594,1710,292.0,4.866666666666666,Tuesday,High,Poor
3977333714,2016-05-04,13559,9.4399995803833,9.4399995803833,0.0,1.80999994277954,4.57999992370605,2.89000010490417,0.0,14,96,142,852,1628,213.0,3.55,Wednesday,High,Poor
3977333714,2016-05-05,12312,8.57999992370605,8.57999992370605,0.0,1.75999999046326,4.1100001335144,2.71000003814697,0.0,14,88,178,680,1618,318.0,5.3,Thursday,High,Poor
3977333714,2016-05-06,11677,8.27999973297119,8.27999973297119,0.0,3.10999989509583,2.50999999046326,2.67000007629395,0.0,29,55,168,676,1590,323.0,5.383333333333334,Friday,High,Poor
3977333714,2016-05-07,11550,7.73000001907349,7.73000001907349,0.0,0.0,4.13000011444092,3.58999991416931,0.0,0,86,208,703,1574,237.0,3.95,Saturday,High,Poor
3977333714,2016-05-08,13585,9.09000015258789,9.09000015258789,0.0,0.680000007152557,5.23999977111816,3.17000007629395,0.0,9,116,171,688,1633,259.0,4.316666666666666,Sunday,High,Poor
3977333714,2016-05-10,13072,8.77999973297119,8.77999973297119,0.0,0.0700000002980232,5.40000009536743,3.30999994277954,0.0,1,115,196,676,1630,312.0,5.2,Tuesday,High,Poor
4020332650,2016-04-12,8539,6.11999988555908,6.11999988555908,0.0,0.150000005960464,0.239999994635582,5.67999982833862,0.0,4,15,331,712,3654,501.0,8.35,Tuesday,Moderate,Good
4020332650,2016-04-16,1982,1.41999995708466,1.41999995708466,0.0,0.449999988079071,0.370000004768372,0.589999973773956,0.0,65,21,55,1222,3051,77.0,1.2833333333333334,Saturday,Low,Poor
4020332650,2016-05-03,4496,3.22000002861023,3.22000002861023,0.0,0.0,0.0,3.15000009536743,0.0500000007450581,0,0,174,950,2828,322.0,5.366666666666666,Tuesday,Low,Poor
4020332650,2016-05-04,10252,7.34999990463257,7.34999990463257,0.0,0.670000016689301,1.03999996185303,5.57999992370605,0.0,13,46,346,531,3879,478.0,7.966666666666667,Wednesday,High,Optimal
4020332650,2016-05-05,11728,8.43000030517578,8.43000030517578,0.0,2.61999988555908,1.67999994754791,4.03999996185303,0.0700000002980232,38,42,196,916,3429,226.0,3.7666666666666666,Thursday,High,Poor
4020332650,2016-05-06,4369,3.13000011444092,3.13000011444092,0.0,0.0,0.0,3.09999990463257,0.0099999997764825,0,0,177,855,2704,385.0,6.416666666666667,Friday,Low,Poor
4020332650,2016-05-08,5862,4.19999980926514,4.19999980926514,0.0,0.0,0.0,4.15000009536743,0.0,0,0,263,775,3089,364.0,6.066666666666666,Sunday,Low,Poor
4020332650,2016-05-10,5546,3.98000001907349,3.98000001907349,0.0,0.0,0.0,3.86999988555908,0.0399999991059303,0,0,206,774,2926,442.0,7.366666666666666,Tuesday,Low,Optimal
4319703577,2016-04-14,10210,6.88000011444092,6.88000011444092,0.0,0.109999999403954,0.330000013113022,6.44000005722046,0.0,1,9,339,589,2302,535.0,8.916666666666666,Thursday,High,Good
4319703577,2016-04-15,5664,3.79999995231628,3.79999995231628,0.0,0.0,0.0,3.79999995231628,0.0,0,0,228,752,1985,465.0,7.75,Friday,Low,Optimal
4319703577,2016-04-16,4744,3.1800000667572,3.1800000667572,0.0,0.0,0.0,3.1800000667572,0.0,0,0,194,724,1884,506.0,8.433333333333334,Saturday,Low,Good
4319703577,2016-04-18,2276,1.54999995231628,1.54999995231628,0.0,0.0700000002980232,0.330000013113022,1.12000000476837,0.0,1,9,58,824,1632,515.0,8.583333333333334,Monday,Low,Good
4319703577,2016-04-19,8925,5.98999977111816,5.98999977111816,0.0,0.0,0.0,5.98999977111816,0.0,0,0,311,604,2200,461.0,7.683333333333334,Tuesday,Moderate,Optimal
4319703577,2016-04-20,8954,6.01000022888184,6.01000022888184,0.0,0.0,0.680000007152557,5.30999994277954,0.0,0,18,306,671,2220,523.0,8.716666666666667,Wednesday,Moderate,Good
4319703577,2016-04-21,3702,2.48000001907349,2.48000001907349,0.0,0.0,0.0,0.349999994039536,0.0,0,0,34,1265,1792,59.0,0.9833333333333333,Thursday,Low,Poor
4319703577,2016-04-22,4500,3.01999998092651,3.01999998092651,0.0,0.0599999986588955,0.810000002384186,2.15000009536743,0.0,1,19,176,709,1886,533.0,8.883333333333333,Friday,Low,Good
4319703577,2016-04-23,4935,3.30999994277954,3.30999994277954,0.0,0.0,0.0,3.30999994277954,0.0,0,0,233,546,1945,692.0,11.533333333333333,Saturday,Low,Good
4319703577,2016-04-24,4081,2.74000000953674,2.74000000953674,0.0,0.0599999986588955,0.200000002980232,2.47000002861023,0.0,1,5,191,692,1880,467.0,7.783333333333333,Sunday,Low,Optimal
4319703577,2016-04-25,9259,6.21000003814697,6.21000003814697,0.0,0.0,0.280000001192093,5.92999982833862,0.0,0,8,390,544,2314,488.0,8.133333333333333,Monday,Moderate,Good
4319703577,2016-04-26,9899,6.6399998664856,6.6399998664856,0.0,0.569999992847443,0.920000016689301,5.15000009536743,0.0,8,21,288,649,2236,505.0,8.416666666666666,Tuesday,Moderate,Good
4319703577,2016-04-27,10780,7.23000001907349,7.23000001907349,0.0,0.409999996423721,1.91999995708466,4.90999984741211,0.0,6,47,300,680,2324,286.0,4.766666666666667,Wednesday,High,Poor
4319703577,2016-04-28,10817,7.28000020980835,7.28000020980835,0.0,1.00999999046326,0.330000013113022,5.94000005722046,0.0,13,8,359,552,2367,497.0,8.283333333333333,Thursday,High,Good
4319703577,2016-04-29,7990,5.3600001335144,5.3600001335144,0.0,0.449999988079071,0.790000021457672,4.11999988555908,0.0,6,18,289,624,2175,523.0,8.716666666666667,Friday,Moderate,Good
4319703577,2016-04-30,8221,5.51999998092651,5.51999998092651,0.0,0.400000005960464,1.61000001430511,3.50999999046326,0.0,6,38,196,695,2092,490.0,8.166666666666666,Saturday,Moderate,Good
4319703577,2016-05-01,1251,0.839999973773956,0.839999973773956,0.0,0.0,0.0,0.839999973773956,0.0,0,0,67,836,1593,484.0,8.066666666666666,Sunday,Low,Good
4319703577,2016-05-02,9261,6.23999977111816,6.23999977111816,0.0,0.0,0.439999997615814,5.71000003814697,0.0,0,11,344,585,2270,478.0,7.966666666666667,Monday,Moderate,Optimal
4319703577,2016-05-03,9648,6.46999979019165,6.46999979019165,0.0,0.579999983310699,1.07000005245209,4.82999992370605,0.0,8,26,287,669,2235,474.0,7.9,Tuesday,Moderate,Optimal
4319703577,2016-05-06,9524,6.42000007629395,6.42000007629395,0.0,0.409999996423721,0.469999998807907,5.46000003814697,0.0,6,11,314,692,2266,450.0,7.5,Friday,Moderate,Optimal
4319703577,2016-05-07,7937,5.32999992370605,5.32999992370605,0.0,0.189999997615814,1.04999995231628,4.07999992370605,0.0,3,28,279,586,2158,507.0,8.45,Saturday,Moderate,Good
4319703577,2016-05-08,3672,2.46000003814697,2.46000003814697,0.0,0.0,0.0,2.46000003814697,0.0,0,0,153,603,1792,602.0,10.033333333333333,Sunday,Low,Good
4319703577,2016-05-09,10378,6.96000003814697,6.96000003814697,0.0,0.140000000596046,0.560000002384186,6.25,0.0,2,14,374,490,2345,535.0,8.916666666666666,Monday,High,Good
4319703577,2016-05-10,9487,6.36999988555908,6.36999988555908,0.0,0.209999993443489,0.46000000834465,5.69999980926514,0.0,3,12,329,555,2260,487.0,8.116666666666667,Tuesday,Moderate,Good
4319703577,2016-05-11,9129,6.13000011444092,6.13000011444092,0.0,0.200000002980232,0.740000009536743,5.17999982833862,0.0,3,18,311,574,2232,529.0,8.816666666666666,Wednesday,Moderate,Good
4319703577,2016-05-12,17,0.0099999997764825,0.0099999997764825,0.0,0.0,0.0,0.0099999997764825,0.0,0,0,2,0,257,302.0,5.033333333333333,Thursday,Low,Poor
4388161847,2016-04-15,8758,6.73000001907349,6.73000001907349,0.0,0.0,0.0,6.73000001907349,0.0,0,0,299,837,3066,499.0,8.316666666666666,Friday,Moderate,Good
4388161847,2016-04-16,6580,5.05999994277954,5.05999994277954,0.0,0.209999993443489,0.400000005960464,4.44999980926514,0.0,6,9,253,609,3073,426.0,7.1,Saturday,Low,Optimal
4388161847,2016-04-17,4660,3.57999992370605,3.57999992370605,0.0,0.0,0.0,3.57999992370605,0.0,0,0,201,721,2572,619.0,10.316666666666666,Sunday,Low,Good
4388161847,2016-04-18,11009,9.10000038146973,9.10000038146973,0.0,3.55999994277954,0.400000005960464,5.1399998664856,0.0,27,8,239,1017,3274,99.0,1.65,Monday,High,Poor
4388161847,2016-04-19,10181,7.82999992370605,7.82999992370605,0.0,1.37000000476837,0.689999997615814,5.76999998092651,0.0,20,16,249,704,3015,329.0,5.483333333333333,Tuesday,High,Poor
4388161847,2016-04-20,10553,8.11999988555908,8.11999988555908,0.0,1.10000002384186,1.72000002861023,5.28999996185303,0.0,19,42,228,696,3083,421.0,7.016666666666667,Wednesday,High,Optimal
4388161847,2016-04-21,10055,7.73000001907349,7.73000001907349,0.0,0.370000004768372,0.389999985694885,6.98000001907349,0.0,7,12,272,853,3069,442.0,7.366666666666666,Thursday,High,Optimal
4388161847,2016-04-22,12139,9.34000015258789,9.34000015258789,0.0,3.29999995231628,1.11000001430511,4.92000007629395,0.0,77,25,220,945,3544,82.0,1.3666666666666667,Friday,High,Poor
4388161847,2016-04-23,13236,10.1800003051758,10.1800003051758,0.0,4.5,0.319999992847443,5.34999990463257,0.0,58,5,215,749,3306,478.0,7.966666666666667,Saturday,High,Optimal
4388161847,2016-04-24,10243,7.88000011444092,7.88000011444092,0.0,1.08000004291534,0.509999990463257,6.30000019073486,0.0,14,8,239,584,2885,552.0,9.2,Sunday,High,Good
4388161847,2016-04-26,9461,7.28000020980835,7.28000020980835,0.0,0.939999997615814,1.05999994277954,5.26999998092651,0.0,14,23,224,673,2929,319.0,5.316666666666666,Tuesday,Moderate,Poor
4388161847,2016-04-27,11193,8.60999965667725,8.60999965667725,0.0,0.699999988079071,2.50999999046326,5.3899998664856,0.0,11,48,241,684,3074,439.0,7.316666666666666,Wednesday,High,Optimal
4388161847,2016-04-28,10074,7.75,7.75,0.0,1.28999996185303,0.430000007152557,6.03000020980835,0.0,19,9,234,878,2969,428.0,7.133333333333334,Thursday,High,Optimal
4388161847,2016-04-30,12533,9.64000034332275,9.64000034332275,0.0,0.699999988079071,2.0,6.94000005722046,0.0,14,43,300,537,3283,409.0,6.816666666666666,Saturday,High,Poor
4388161847,2016-05-01,10255,7.8899998664856,7.8899998664856,0.0,1.00999999046326,0.680000007152557,6.19999980926514,0.0,12,15,241,579,2926,547.0,9.116666666666667,Sunday,High,Good
4388161847,2016-05-02,10096,8.39999961853027,8.39999961853027,0.0,3.76999998092651,0.0799999982118607,4.55000019073486,0.0,33,4,204,935,3147,368.0,6.133333333333334,Monday,High,Poor
4388161847,2016-05-04,12375,9.52000045776367,9.52000045776367,0.0,2.78999996185303,0.930000007152557,5.80000019073486,0.0,35,21,251,632,3162,390.0,6.5,Wednesday,High,Poor
4388161847,2016-05-05,9603,7.38000011444092,7.38000011444092,0.0,0.629999995231628,1.66999995708466,5.09000015258789,0.0,12,39,199,896,2899,471.0,7.85,Thursday,Moderate,Optimal
4388161847,2016-05-05,9603,7.38000011444092,7.38000011444092,0.0,0.629999995231628,1.66999995708466,5.09000015258789,0.0,12,39,199,896,2899,471.0,7.85,Thursday,Moderate,Optimal
4388161847,2016-05-07,22770,17.5400009155273,17.5400009155273,0.0,9.44999980926514,2.76999998092651,5.32999992370605,0.0,120,56,260,508,4022,472.0,7.866666666666666,Saturday,High,Optimal
4388161847,2016-05-08,17298,14.3800001144409,14.3800001144409,0.0,9.89000034332275,1.25999999046326,3.23000001907349,0.0,107,38,178,576,3934,529.0,8.816666666666666,Sunday,High,Good
4388161847,2016-05-09,10218,7.8600001335144,7.8600001335144,0.0,0.340000003576279,0.730000019073486,6.78999996185303,0.0,6,19,258,1020,3013,62.0,1.0333333333333334,Monday,High,Poor
4388161847,2016-05-10,10299,7.92000007629395,7.92000007629395,0.0,0.810000002384186,0.649999976158142,6.46000003814697,0.0,13,14,267,648,3061,354.0,5.9,Tuesday,High,Poor
4388161847,2016-05-11,10201,7.84000015258789,7.84000015258789,0.0,0.529999971389771,0.790000021457672,6.53000020980835,0.0,8,18,256,858,2954,469.0,7.816666666666666,Wednesday,High,Optimal
4445114986,2016-04-12,3276,2.20000004768372,2.20000004768372,0.0,0.0,0.0,2.20000004768372,0.0,0,0,196,787,2113,429.0,7.15,Tuesday,Low,Optimal
4445114986,2016-04-13,2961,1.99000000953674,1.99000000953674,0.0,0.0,0.0,1.99000000953674,0.0,0,0,194,840,2095,370.0,6.166666666666667,Wednesday,Low,Poor
4445114986,2016-04-14,3974,2.67000007629395,2.67000007629395,0.0,0.0,0.0,2.67000007629395,0.0,0,0,231,717,2194,441.0,7.35,Thursday,Low,Optimal
4445114986,2016-04-15,7198,4.82999992370605,4.82999992370605,0.0,0.0,0.0,4.82999992370605,0.0,0,0,350,711,2496,337.0,5.616666666666666,Friday,Low,Poor
4445114986,2016-04-16,3945,2.65000009536743,2.65000009536743,0.0,0.0,0.0,2.65000009536743,0.0,0,0,225,716,2180,462.0,7.7,Saturday,Low,Optimal
4445114986,2016-04-17,2268,1.51999998092651,1.51999998092651,0.0,0.0,0.0,1.51999998092651,0.0,0,0,114,1219,1933,98.0,1.6333333333333333,Sunday,Low,Poor
4445114986,2016-04-19,2064,1.38999998569489,1.38999998569489,0.0,0.0,0.0,1.38999998569489,0.0,0,0,121,895,1954,388.0,6.466666666666667,Tuesday,Low,Poor
4445114986,2016-04-20,2072,1.38999998569489,1.38999998569489,0.0,0.0,0.0,1.38999998569489,0.0,0,0,137,841,1974,439.0,7.316666666666666,Wednesday,Low,Optimal
4445114986,2016-04-21,3809,2.55999994277954,2.55999994277954,0.0,0.0,0.0,2.53999996185303,0.0,0,0,215,756,2150,436.0,7.266666666666667,Thursday,Low,Optimal
4445114986,2016-04-22,6831,4.57999992370605,4.57999992370605,0.0,0.0,0.0,4.57999992370605,0.0,0,0,317,706,2432,388.0,6.466666666666667,Friday,Low,Poor
4445114986,2016-04-25,3385,2.26999998092651,2.26999998092651,0.0,0.0,0.0,2.26999998092651,0.0,0,0,179,916,2070,328.0,5.466666666666667,Monday,Low,Poor
4445114986,2016-04-26,6326,4.40999984741211,4.40999984741211,0.0,2.41000008583069,0.0399999991059303,1.96000003814697,0.0,29,1,180,839,2291,353.0,5.883333333333334,Tuesday,Low,Poor
4445114986,2016-04-27,7243,5.03000020980835,5.03000020980835,0.0,2.61999988555908,0.0299999993294477,2.38000011444092,0.0,32,1,194,839,2361,332.0,5.533333333333333,Wednesday,Low,Poor
4445114986,2016-04-28,4493,3.00999999046326,3.00999999046326,0.0,0.0,0.0,3.00999999046326,0.0,0,0,236,762,2203,419.0,6.983333333333333,Thursday,Low,Poor
4445114986,2016-04-29,4676,3.14000010490417,3.14000010490417,0.0,0.0,0.0,3.13000011444092,0.0,0,0,226,1106,2196,106.0,1.7666666666666666,Friday,Low,Poor
4445114986,2016-04-30,6222,4.17999982833862,4.17999982833862,0.0,0.0,0.0,4.17999982833862,0.0,0,0,290,797,2363,322.0,5.366666666666666,Saturday,Low,Poor
4445114986,2016-05-01,5232,3.50999999046326,3.50999999046326,0.0,0.0,0.0,3.50999999046326,0.0,0,0,240,741,2246,439.0,7.316666666666666,Sunday,Low,Optimal
4445114986,2016-05-02,6910,4.75,4.75,0.0,2.21000003814697,0.189999997615814,2.34999990463257,0.0,27,4,200,667,2336,502.0,8.366666666666667,Monday,Low,Good
4445114986,2016-05-03,7502,5.17999982833862,5.17999982833862,0.0,2.48000001907349,0.109999999403954,2.57999992370605,0.0,30,2,233,725,2421,417.0,6.95,Tuesday,Moderate,Poor
4445114986,2016-05-04,2923,1.96000003814697,1.96000003814697,0.0,0.0,0.0,1.96000003814697,0.0,0,0,180,897,2070,337.0,5.616666666666666,Wednesday,Low,Poor
4445114986,2016-05-05,3800,2.54999995231628,2.54999995231628,0.0,0.119999997317791,0.239999994635582,2.1800000667572,0.0,2,6,185,734,2120,462.0,7.7,Thursday,Low,Optimal
4445114986,2016-05-06,4514,3.02999997138977,3.02999997138977,0.0,0.0,0.0,3.02999997138977,0.0,0,0,229,809,2211,374.0,6.233333333333333,Friday,Low,Poor
4445114986,2016-05-07,5183,3.58999991416931,3.58999991416931,0.0,2.13000011444092,0.189999997615814,1.25,0.0,26,4,108,866,2123,401.0,6.683333333333334,Saturday,Low,Poor
4445114986,2016-05-08,7303,4.90000009536743,4.90000009536743,0.0,0.0,0.25,4.65000009536743,0.0,0,8,308,733,2423,361.0,6.016666666666667,Sunday,Low,Poor
4445114986,2016-05-09,5275,3.53999996185303,3.53999996185303,0.0,0.0,0.0,3.53999996185303,0.0,0,0,266,641,2281,457.0,7.616666666666666,Monday,Low,Optimal
4445114986,2016-05-10,3915,2.63000011444092,2.63000011444092,0.0,0.0,0.0,2.63000011444092,0.0,0,0,231,783,2181,405.0,6.75,Tuesday,Low,Poor
4445114986,2016-05-11,9105,6.1100001335144,6.1100001335144,0.0,2.25,1.0,2.85999989509583,0.0,34,22,232,622,2499,499.0,8.316666666666666,Wednesday,Moderate,Good
4445114986,2016-05-12,768,0.519999980926514,0.519999980926514,0.0,0.0,0.0,0.519999980926514,0.0,0,0,58,380,1212,483.0,8.05,Thursday,Low,Good
4558609924,2016-04-21,13743,9.07999992370605,9.07999992370605,0.0,0.419999986886978,0.970000028610229,7.69999980926514,0.0,6,21,432,844,2486,126.0,2.1,Thursday,High,Poor
4558609924,2016-04-26,9148,6.05000019073486,6.05000019073486,0.0,0.430000007152557,2.02999997138977,3.58999991416931,0.0,12,41,283,1062,2223,103.0,1.7166666666666666,Tuesday,Moderate,Poor
4558609924,2016-04-29,7833,5.17999982833862,5.17999982833862,0.0,1.01999998092651,1.85000002384186,2.30999994277954,0.0,15,29,197,1096,1918,171.0,2.85,Friday,Moderate,Poor
4558609924,2016-05-01,3428,2.26999998092651,2.26999998092651,0.0,0.0,0.0,2.26999998092651,0.0,0,0,190,1121,1692,115.0,1.9166666666666667,Sunday,Low,Poor
4558609924,2016-05-08,6543,4.32999992370605,4.32999992370605,0.0,1.79999995231628,0.5,2.01999998092651,0.0,66,35,238,1019,2666,123.0,2.05,Sunday,Low,Poor
4702921684,2016-04-12,7213,5.88000011444092,5.88000011444092,0.0,0.0,0.0,5.84999990463257,0.0,0,0,263,718,2947,425.0,7.083333333333333,Tuesday,Low,Optimal
4702921684,2016-04-13,6877,5.57999992370605,5.57999992370605,0.0,0.0,0.0,5.57999992370605,0.0,0,0,258,777,2898,400.0,6.666666666666667,Wednesday,Low,Poor
4702921684,2016-04-14,7860,6.36999988555908,6.36999988555908,0.0,0.0,0.0,6.36999988555908,0.0,0,0,271,772,2984,384.0,6.4,Thursday,Moderate,Poor
4702921684,2016-04-15,6506,5.28000020980835,5.28000020980835,0.0,0.0700000002980232,0.419999986886978,4.78999996185303,0.0,1,8,256,944,2896,253.0,4.216666666666667,Friday,Low,Poor
4702921684,2016-04-16,11140,9.02999973297119,9.02999973297119,0.0,0.239999994635582,1.25,7.53999996185303,0.0,3,24,335,556,3328,382.0,6.366666666666666,Saturday,High,Poor
4702921684,2016-04-17,12692,10.289999961853,10.289999961853,0.0,0.959999978542328,3.46000003814697,5.88000011444092,0.0,12,66,302,437,3394,591.0,9.85,Sunday,High,Good
4702921684,2016-04-18,9105,7.38000011444092,7.38000011444092,0.0,1.82000005245209,1.49000000953674,4.07000017166138,0.0,22,30,191,890,3013,293.0,4.883333333333334,Monday,Moderate,Poor
4702921684,2016-04-19,6708,5.44000005722046,5.44000005722046,0.0,0.879999995231628,0.370000004768372,4.19000005722046,0.0,10,8,179,757,2812,457.0,7.616666666666666,Tuesday,Low,Optimal
4702921684,2016-04-20,8793,7.13000011444092,7.13000011444092,0.0,0.159999996423721,1.23000001907349,5.73000001907349,0.0,2,29,260,717,3061,454.0,7.566666666666666,Wednesday,Moderate,Optimal
4702921684,2016-04-21,6530,5.30000019073486,5.30000019073486,0.0,0.310000002384186,2.04999995231628,2.94000005722046,0.0,4,41,144,901,2729,425.0,7.083333333333333,Thursday,Low,Optimal
4702921684,2016-04-23,15126,12.2700004577637,12.2700004577637,0.0,0.759999990463257,3.24000000953674,8.27000045776367,0.0,9,66,408,469,3691,465.0,7.75,Saturday,High,Optimal
4702921684,2016-04-24,15050,12.2200002670288,12.2200002670288,0.0,1.20000004768372,5.11999988555908,5.88000011444092,0.0,15,95,281,542,3538,480.0,8.0,Sunday,High,Optimal
4702921684,2016-04-25,9167,7.42999982833862,7.42999982833862,0.0,0.490000009536743,0.819999992847443,6.1100001335144,0.0,6,15,270,730,3064,370.0,6.166666666666667,Monday,Moderate,Poor
4702921684,2016-04-26,6108,4.94999980926514,4.94999980926514,0.0,0.0700000002980232,0.349999994039536,4.53999996185303,0.0,1,8,216,765,2784,421.0,7.016666666666667,Tuesday,Low,Optimal
4702921684,2016-04-27,7047,5.71999979019165,5.71999979019165,0.0,0.0900000035762787,0.800000011920929,4.78000020980835,0.0,1,16,238,733,2908,432.0,7.2,Wednesday,Low,Optimal
4702921684,2016-04-28,9023,7.32000017166138,7.32000017166138,0.0,1.12999999523163,0.419999986886978,5.76999998092651,0.0,14,9,232,738,3033,442.0,7.366666666666666,Thursday,Moderate,Optimal
4702921684,2016-04-29,9930,8.05000019073486,8.05000019073486,0.0,1.05999994277954,0.920000016689301,6.07000017166138,0.0,12,19,267,692,3165,433.0,7.216666666666667,Friday,Moderate,Optimal
4702921684,2016-04-30,10144,8.22999954223633,8.22999954223633,0.0,0.319999992847443,2.02999997138977,5.88000011444092,0.0,4,36,263,728,3115,479.0,7.983333333333333,Saturday,High,Optimal
4702921684,2016-05-03,9454,7.67000007629395,7.67000007629395,0.0,0.0,0.0,7.67000007629395,0.0,0,0,313,729,3145,327.0,5.45,Tuesday,Moderate,Poor
4702921684,2016-05-04,8161,6.61999988555908,6.61999988555908,0.0,0.340000003576279,0.730000019073486,5.53999996185303,0.0,4,15,251,757,3004,412.0,6.866666666666666,Wednesday,Moderate,Poor
4702921684,2016-05-05,8614,6.98999977111816,6.98999977111816,0.0,0.670000016689301,0.219999998807907,6.09000015258789,0.0,8,5,241,745,3006,414.0,6.9,Thursday,Moderate,Poor
4702921684,2016-05-06,6943,5.63000011444092,5.63000011444092,0.0,0.0799999982118607,0.660000026226044,4.86999988555908,0.0,1,16,207,682,2859,404.0,6.733333333333333,Friday,Low,Poor
4702921684,2016-05-07,14370,11.6499996185303,11.6499996185303,0.0,0.370000004768372,2.30999994277954,8.97000026702881,0.0,5,46,439,577,3683,520.0,8.666666666666666,Saturday,High,Good
4702921684,2016-05-07,14370,11.6499996185303,11.6499996185303,0.0,0.370000004768372,2.30999994277954,8.97000026702881,0.0,5,46,439,577,3683,520.0,8.666666666666666,Saturday,High,Good
4702921684,2016-05-09,8232,6.67999982833862,6.67999982833862,0.0,0.0,0.569999992847443,6.09999990463257,0.0,0,12,253,746,2990,435.0,7.25,Monday,Moderate,Optimal
4702921684,2016-05-10,10613,8.60999965667725,8.60999965667725,0.0,0.0799999982118607,1.87999999523163,6.65000009536743,0.0,1,37,262,701,3172,416.0,6.933333333333334,Tuesday,High,Poor
4702921684,2016-05-11,9810,7.96000003814697,7.96000003814697,0.0,0.779999971389771,2.16000008583069,4.98000001907349,0.0,10,41,235,784,3069,354.0,5.9,Wednesday,Moderate,Poor
4702921684,2016-05-12,2752,2.23000001907349,2.23000001907349,0.0,0.0,0.0,2.23000001907349,0.0,0,0,68,241,1240,404.0,6.733333333333333,Thursday,Low,Poor
5553957443,2016-04-12,11596,7.57000017166138,7.57000017166138,0.0,1.37000000476837,0.790000021457672,5.40999984741211,0.0,19,13,277,767,2026,441.0,7.35,Tuesday,High,Optimal
5553957443,2016-04-13,4832,3.16000008583069,3.16000008583069,0.0,0.0,0.0,3.16000008583069,0.0,0,0,226,647,1718,455.0,7.583333333333333,Wednesday,Low,Optimal
5553957443,2016-04-14,17022,11.1199998855591,11.1199998855591,0.0,4.0,2.45000004768372,4.67000007629395,0.0,61,41,256,693,2324,357.0,5.95,Thursday,High,Poor
5553957443,2016-04-15,16556,10.8599996566772,10.8599996566772,0.0,4.15999984741211,1.98000001907349,4.71000003814697,0.0,58,38,239,689,2254,377.0,6.283333333333333,Friday,High,Poor
5553957443,2016-04-16,5771,3.76999998092651,3.76999998092651,0.0,0.0,0.0,3.76999998092651,0.0,0,0,288,521,1831,651.0,10.85,Saturday,Low,Good
5553957443,2016-04-17,655,0.430000007152557,0.430000007152557,0.0,0.0,0.0,0.430000007152557,0.0,0,0,46,943,1397,350.0,5.833333333333333,Sunday,Low,Poor
5553957443,2016-04-18,3727,2.4300000667572,2.4300000667572,0.0,0.0,0.0,2.4300000667572,0.0,0,0,206,622,1683,520.0,8.666666666666666,Monday,Low,Good
5553957443,2016-04-19,15482,10.1099996566772,10.1099996566772,0.0,4.28000020980835,1.6599999666214,4.17999982833862,0.0,69,28,249,756,2284,357.0,5.95,Tuesday,High,Poor
5553957443,2016-04-20,2713,1.76999998092651,1.76999998092651,0.0,0.0,0.0,1.76999998092651,0.0,0,0,148,598,1570,658.0,10.966666666666667,Wednesday,Low,Good
5553957443,2016-04-21,12346,8.0600004196167,8.0600004196167,0.0,2.95000004768372,2.16000008583069,2.96000003814697,0.0,47,42,177,801,2066,399.0,6.65,Thursday,High,Poor
5553957443,2016-04-22,11682,7.63000011444092,7.63000011444092,0.0,1.37999999523163,0.629999995231628,5.59999990463257,0.0,25,16,270,781,2105,322.0,5.366666666666666,Friday,High,Poor
5553957443,2016-04-23,4112,2.69000005722046,2.69000005722046,0.0,0.0,0.0,2.6800000667572,0.0,0,0,272,443,1776,631.0,10.516666666666667,Saturday,Low,Good
5553957443,2016-04-24,1807,1.17999994754791,1.17999994754791,0.0,0.0,0.0,1.17999994754791,0.0,0,0,104,582,1507,553.0,9.216666666666667,Sunday,Low,Good
5553957443,2016-04-25,10946,7.19000005722046,7.19000005722046,0.0,2.9300000667572,0.569999992847443,3.69000005722046,0.0,51,11,201,732,2033,433.0,7.216666666666667,Monday,High,Optimal
5553957443,2016-04-26,11886,7.76000022888184,7.76000022888184,0.0,2.36999988555908,0.930000007152557,4.46000003814697,0.0,40,18,238,750,2093,412.0,6.866666666666666,Tuesday,High,Poor
5553957443,2016-04-27,10538,6.88000011444092,6.88000011444092,0.0,1.13999998569489,1.0,4.73999977111816,0.0,16,16,206,745,1922,347.0,5.783333333333333,Wednesday,High,Poor
5553957443,2016-04-28,11393,7.63000011444092,7.63000011444092,0.0,3.71000003814697,0.75,3.17000007629395,0.0,49,13,165,727,1999,421.0,7.016666666666667,Thursday,High,Optimal
5553957443,2016-04-29,12764,8.32999992370605,8.32999992370605,0.0,2.78999996185303,0.639999985694885,4.90999984741211,0.0,46,15,270,709,2169,450.0,7.5,Friday,High,Optimal
5553957443,2016-04-30,1202,0.779999971389771,0.779999971389771,0.0,0.0,0.0,0.779999971389771,0.0,0,0,84,506,1463,775.0,12.916666666666666,Saturday,Low,Good
5553957443,2016-05-01,5164,3.36999988555908,3.36999988555908,0.0,0.0,0.0,3.36999988555908,0.0,0,0,237,436,1747,622.0,10.366666666666667,Sunday,Low,Good
5553957443,2016-05-02,9769,6.38000011444092,6.38000011444092,0.0,1.05999994277954,0.409999996423721,4.90000009536743,0.0,23,9,227,724,1996,409.0,6.816666666666666,Monday,Moderate,Poor
5553957443,2016-05-03,12848,8.39000034332275,8.39000034332275,0.0,1.5,1.20000004768372,5.67999982833862,0.0,26,29,247,812,2116,380.0,6.333333333333333,Tuesday,High,Poor
5553957443,2016-05-04,4249,2.76999998092651,2.76999998092651,0.0,0.0,0.0,2.76999998092651,0.0,0,0,224,651,1698,447.0,7.45,Wednesday,Low,Optimal
5553957443,2016-05-05,14331,9.51000022888184,9.51000022888184,0.0,3.4300000667572,1.6599999666214,4.42999982833862,0.0,44,29,241,692,2156,419.0,6.983333333333333,Thursday,High,Poor
5553957443,2016-05-06,9632,6.28999996185303,6.28999996185303,0.0,1.51999998092651,0.540000021457672,4.23000001907349,0.0,21,9,229,761,1916,400.0,6.666666666666667,Friday,Moderate,Poor
5553957443,2016-05-07,1868,1.22000002861023,1.22000002861023,0.0,0.0,0.0,1.22000002861023,0.0,0,0,96,902,1494,442.0,7.366666666666666,Saturday,Low,Optimal
5553957443,2016-05-08,6083,4.0,4.0,0.0,0.219999998807907,0.469999998807907,3.29999995231628,0.0,3,8,210,505,1762,568.0,9.466666666666667,Sunday,Low,Good
5553957443,2016-05-09,11611,7.57999992370605,7.57999992370605,0.0,2.13000011444092,0.889999985694885,4.55999994277954,0.0,59,22,251,667,2272,453.0,7.55,Monday,High,Optimal
5553957443,2016-05-10,16358,10.710000038147,10.710000038147,0.0,3.86999988555908,1.61000001430511,5.19999980926514,0.0,61,40,265,707,2335,418.0,6.966666666666667,Tuesday,High,Poor
5553957443,2016-05-11,4926,3.22000002861023,3.22000002861023,0.0,0.0,0.0,3.22000002861023,0.0,0,0,195,628,1693,463.0,7.716666666666667,Wednesday,Low,Optimal
5553957443,2016-05-12,3121,2.03999996185303,2.03999996185303,0.0,0.579999983310699,0.400000005960464,1.05999994277954,0.0,8,6,48,222,741,438.0,7.3,Thursday,Low,Optimal
5577150313,2016-04-12,8135,6.07999992370605,6.07999992370605,0.0,3.59999990463257,0.379999995231628,2.09999990463257,0.0,86,16,140,728,3405,419.0,6.983333333333333,Tuesday,Moderate,Poor
5577150313,2016-04-13,5077,3.78999996185303,3.78999996185303,0.0,0.319999992847443,0.219999998807907,3.25,0.0,15,11,144,776,2551,432.0,7.2,Wednesday,Low,Optimal
5577150313,2016-04-14,8596,6.42000007629395,6.42000007629395,0.0,3.32999992370605,0.310000002384186,2.77999997138977,0.0,118,30,176,662,4022,477.0,7.95,Thursday,Moderate,Optimal
5577150313,2016-04-15,12087,9.07999992370605,9.07999992370605,0.0,3.92000007629395,1.60000002384186,3.55999994277954,0.0,115,54,199,695,4005,392.0,6.533333333333333,Friday,High,Poor
5577150313,2016-04-16,14269,10.6599998474121,10.6599998474121,0.0,6.6399998664856,1.27999997138977,2.73000001907349,0.0,184,56,158,472,4274,406.0,6.766666666666667,Saturday,High,Poor
5577150313,2016-04-17,12231,9.14000034332275,9.14000034332275,0.0,5.98000001907349,0.829999983310699,2.3199999332428,0.0,200,37,159,525,4552,549.0,9.15,Sunday,High,Good
5577150313,2016-04-18,9893,7.3899998664856,7.3899998664856,0.0,4.8600001335144,0.720000028610229,1.82000005245209,0.0,114,32,130,623,3625,527.0,8.783333333333333,Monday,Moderate,Good
5577150313,2016-04-19,12574,9.42000007629395,9.42000007629395,0.0,7.01999998092651,0.639999985694885,1.75999999046326,0.0,108,23,111,733,3501,449.0,7.483333333333333,Tuesday,High,Optimal
5577150313,2016-04-20,8330,6.21999979019165,6.21999979019165,0.0,4.11999988555908,0.340000003576279,1.75999999046326,0.0,87,16,113,773,3192,447.0,7.45,Wednesday,Moderate,Optimal
5577150313,2016-04-21,10830,8.09000015258789,8.09000015258789,0.0,3.65000009536743,1.6599999666214,2.77999997138977,0.0,110,74,175,670,4018,414.0,6.9,Thursday,High,Poor
5577150313,2016-04-22,9172,6.84999990463257,6.84999990463257,0.0,2.42000007629395,0.790000021457672,3.29999995231628,0.0,62,30,200,823,3329,338.0,5.633333333333334,Friday,Moderate,Poor
5577150313,2016-04-23,7638,5.71000003814697,5.71000003814697,0.0,1.21000003814697,0.360000014305115,4.1399998664856,0.0,24,24,223,627,3152,384.0,6.4,Saturday,Moderate,Poor
5577150313,2016-04-24,15764,11.7799997329712,11.7799997329712,0.0,7.65000009536743,2.15000009536743,1.98000001907349,0.0,210,65,141,425,4392,543.0,9.05,Sunday,High,Good
5577150313,2016-04-25,6393,4.78000020980835,4.78000020980835,0.0,1.35000002384186,0.670000016689301,2.75999999046326,0.0,61,38,214,743,3374,421.0,7.016666666666667,Monday,Low,Optimal
5577150313,2016-04-26,5325,3.98000001907349,3.98000001907349,0.0,0.850000023841858,0.649999976158142,2.47000002861023,0.0,38,32,181,759,3088,354.0,5.9,Tuesday,Low,Poor
5577150313,2016-04-27,6805,5.1399998664856,5.1399998664856,0.0,1.80999994277954,0.400000005960464,2.9300000667572,0.0,63,16,190,773,3294,424.0,7.066666666666666,Wednesday,Low,Optimal
5577150313,2016-04-28,9841,7.42999982833862,7.42999982833862,0.0,3.25,1.16999995708466,3.00999999046326,0.0,99,51,141,692,3580,361.0,6.016666666666667,Thursday,Moderate,Poor
5577150313,2016-04-29,7924,5.92000007629395,5.92000007629395,0.0,2.83999991416931,0.610000014305115,2.47000002861023,0.0,97,36,165,739,3544,459.0,7.65,Friday,Moderate,Optimal
5577150313,2016-04-30,12363,9.23999977111816,9.23999977111816,0.0,5.82999992370605,0.790000021457672,2.60999989509583,0.0,207,45,163,621,4501,412.0,6.866666666666666,Saturday,High,Poor
5577150313,2016-05-01,13368,9.98999977111816,9.98999977111816,0.0,5.30999994277954,1.44000005722046,3.24000000953674,0.0,194,72,178,499,4546,379.0,6.316666666666666,Sunday,High,Poor
5577150313,2016-05-02,7439,5.55999994277954,5.55999994277954,0.0,1.12000000476837,0.349999994039536,4.07000017166138,0.0,37,20,235,732,3014,525.0,8.75,Monday,Low,Good
5577150313,2016-05-03,11045,8.25,8.25,0.0,4.51999998092651,0.150000005960464,3.5699999332428,0.0,97,8,212,580,3795,508.0,8.466666666666667,Tuesday,High,Good
5577150313,2016-05-04,5206,3.89000010490417,3.89000010490417,0.0,1.55999994277954,0.25,2.07999992370605,0.0,25,9,141,631,2755,603.0,10.05,Wednesday,Low,Good
5577150313,2016-05-05,7550,5.6399998664856,5.6399998664856,0.0,2.5,0.469999998807907,2.67000007629395,0.0,45,21,143,1153,3004,74.0,1.2333333333333334,Thursday,Moderate,Poor
5577150313,2016-05-10,8869,6.65000009536743,6.65000009536743,0.0,2.55999994277954,0.75,3.34999990463257,0.0,104,37,194,639,3841,504.0,8.4,Tuesday,Moderate,Good
5577150313,2016-05-11,4038,3.03999996185303,3.03999996185303,0.0,1.83000004291534,0.300000011920929,0.889999985694885,0.0,45,15,63,257,1665,431.0,7.183333333333334,Wednesday,Low,Optimal
6117666160,2016-04-16,14450,10.9099998474121,10.9099998474121,0.0,0.579999983310699,0.850000023841858,9.47999954223633,0.0,7,15,518,502,2828,380.0,6.333333333333333,Saturday,High,Poor
6117666160,2016-04-17,7150,5.40000009536743,5.40000009536743,0.0,0.0,0.0,5.40000009536743,0.0,0,0,312,702,2225,336.0,5.6,Sunday,Low,Poor
6117666160,2016-04-18,5153,3.91000008583069,3.91000008583069,0.0,0.0,0.0,3.89000010490417,0.0,0,0,241,759,2018,493.0,8.216666666666667,Monday,Low,Good
6117666160,2016-04-19,11135,8.40999984741211,8.40999984741211,0.0,0.0,0.0,8.40999984741211,0.0,0,0,480,425,2606,465.0,7.75,Tuesday,High,Optimal
6117666160,2016-04-20,10449,8.02000045776367,8.02000045776367,0.0,2.02999997138977,0.479999989271164,5.51999998092651,0.0,26,10,349,587,2536,474.0,7.9,Wednesday,High,Optimal
6117666160,2016-04-21,19542,15.0100002288818,15.0100002288818,0.0,0.980000019073486,0.400000005960464,5.61999988555908,0.0,11,19,294,579,4900,508.0,8.466666666666667,Thursday,High,Good
6117666160,2016-04-22,8206,6.19999980926514,6.19999980926514,0.0,0.0,0.0,6.19999980926514,0.0,0,0,402,413,2409,480.0,8.0,Friday,Moderate,Optimal
6117666160,2016-04-23,11495,8.68000030517578,8.68000030517578,0.0,0.0,0.0,8.68000030517578,0.0,0,0,512,468,2651,492.0,8.2,Saturday,High,Good
6117666160,2016-04-24,7623,5.76000022888184,5.76000022888184,0.0,0.0,0.0,5.76000022888184,0.0,0,0,362,711,2305,353.0,5.883333333333334,Sunday,Moderate,Poor
6117666160,2016-04-27,9411,7.1100001335144,7.1100001335144,0.0,0.0,0.0,7.1100001335144,0.0,0,0,458,417,2576,542.0,9.033333333333333,Wednesday,Moderate,Good
6117666160,2016-04-28,3403,2.59999990463257,2.59999990463257,0.0,0.0,0.0,2.59999990463257,0.0,0,0,141,758,1879,393.0,6.55,Thursday,Low,Poor
6117666160,2016-04-29,9592,7.23999977111816,7.23999977111816,0.0,0.0,0.0,7.23999977111816,0.0,0,0,461,479,2560,600.0,10.0,Friday,Moderate,Good
6117666160,2016-05-01,8915,6.73000001907349,6.73000001907349,0.0,0.0,0.0,6.73000001907349,0.0,0,0,397,525,2361,507.0,8.45,Sunday,Moderate,Good
6117666160,2016-05-05,9799,7.40000009536743,7.40000009536743,0.0,0.0,0.0,7.40000009536743,0.0,0,0,487,479,2636,392.0,6.533333333333333,Thursday,Moderate,Poor
6117666160,2016-05-06,3365,2.6800000667572,2.6800000667572,0.0,0.0,0.0,2.6800000667572,0.0,0,0,133,673,1838,658.0,10.966666666666667,Friday,Low,Good
6117666160,2016-05-07,7336,5.53999996185303,5.53999996185303,0.0,0.0,0.0,5.53999996185303,0.0,0,0,412,456,2469,498.0,8.3,Saturday,Low,Good
6117666160,2016-05-08,7328,5.53000020980835,5.53000020980835,0.0,0.0,0.0,5.53000020980835,0.0,0,0,318,517,2250,555.0,9.25,Sunday,Low,Good
6117666160,2016-05-09,4477,3.38000011444092,3.38000011444092,0.0,0.0,0.0,3.38000011444092,0.0,0,0,197,125,1248,492.0,8.2,Monday,Low,Good
6775888955,2016-04-13,4053,2.91000008583069,2.91000008583069,0.0,1.11000001430511,0.579999983310699,1.22000002861023,0.0,17,18,85,1053,2400,235.0,3.9166666666666665,Wednesday,Low,Poor
6775888955,2016-04-14,5162,3.70000004768372,3.70000004768372,0.0,0.870000004768372,0.860000014305115,1.97000002861023,0.0,14,24,105,863,2507,423.0,7.05,Thursday,Low,Optimal
6775888955,2016-04-15,1282,0.920000016689301,0.920000016689301,0.0,0.0,0.0,0.920000016689301,0.0,0,0,58,976,2127,391.0,6.516666666666667,Friday,Low,Poor
6962181067,2016-04-12,10199,6.73999977111816,6.73999977111816,0.0,3.40000009536743,0.829999983310699,2.50999999046326,0.0,50,14,189,796,1994,366.0,6.1,Tuesday,High,Poor
6962181067,2016-04-13,5652,3.74000000953674,3.74000000953674,0.0,0.569999992847443,1.21000003814697,1.96000003814697,0.0,8,24,142,548,1718,630.0,10.5,Wednesday,Low,Good
6962181067,2016-04-14,1551,1.02999997138977,1.02999997138977,0.0,0.0,0.0,1.02999997138977,0.0,0,0,86,862,1466,508.0,8.466666666666667,Thursday,Low,Good
6962181067,2016-04-15,5563,3.6800000667572,3.6800000667572,0.0,0.0,0.0,3.6800000667572,0.0,0,0,217,837,1756,370.0,6.166666666666667,Friday,Low,Poor
6962181067,2016-04-16,13217,8.73999977111816,8.73999977111816,0.0,3.66000008583069,0.189999997615814,4.88000011444092,0.0,50,3,280,741,2173,357.0,5.95,Saturday,High,Poor
6962181067,2016-04-17,10145,6.71000003814697,6.71000003814697,0.0,0.330000013113022,0.680000007152557,5.69000005722046,0.0,5,13,295,634,2027,427.0,7.116666666666666,Sunday,High,Optimal
6962181067,2016-04-18,11404,7.53999996185303,7.53999996185303,0.0,0.829999983310699,2.39000010490417,4.32000017166138,0.0,13,42,238,689,2039,442.0,7.366666666666666,Monday,High,Optimal
6962181067,2016-04-19,10742,7.09999990463257,7.09999990463257,0.0,2.09999990463257,2.13000011444092,2.86999988555908,0.0,35,41,195,659,2046,476.0,7.933333333333334,Tuesday,High,Optimal
6962181067,2016-04-20,13928,9.55000019073486,9.55000019073486,0.0,4.28000020980835,0.189999997615814,5.09000015258789,0.0,48,4,297,639,2174,418.0,6.966666666666667,Wednesday,High,Poor
6962181067,2016-04-21,11835,9.71000003814697,7.88000011444092,4.08169221878052,3.99000000953674,2.09999990463257,3.50999999046326,0.109999999403954,53,27,214,708,2179,451.0,7.516666666666667,Thursday,High,Optimal
6962181067,2016-04-22,10725,7.09000015258789,7.09000015258789,0.0,1.76999998092651,1.54999995231628,3.76999998092651,0.0,30,33,240,659,2086,425.0,7.083333333333333,Friday,High,Optimal
6962181067,2016-04-23,20031,13.2399997711182,13.2399997711182,0.0,4.19999980926514,2.0,7.03999996185303,0.0,58,41,347,484,2571,528.0,8.8,Saturday,High,Good
6962181067,2016-04-24,5029,3.3199999332428,3.3199999332428,0.0,0.0,0.0,3.3199999332428,0.0,0,0,199,720,1705,511.0,8.516666666666667,Sunday,Low,Good
6962181067,2016-04-25,13239,9.27000045776367,9.07999992370605,2.78517508506775,3.01999998092651,1.67999994754791,4.46000003814697,0.100000001490116,35,31,282,637,2194,400.0,6.666666666666667,Monday,High,Poor
6962181067,2016-04-26,10433,6.90000009536743,6.90000009536743,0.0,2.57999992370605,0.419999986886978,3.90000009536743,0.0,36,7,254,680,2012,441.0,7.35,Tuesday,High,Optimal
6962181067,2016-04-27,10320,6.82000017166138,6.82000017166138,0.0,0.550000011920929,2.01999998092651,4.25,0.0,7,38,279,697,2034,455.0,7.583333333333333,Wednesday,High,Optimal
6962181067,2016-04-28,12627,8.35000038146973,8.35000038146973,0.0,2.50999999046326,0.239999994635582,5.59000015258789,0.0,38,8,288,621,2182,440.0,7.333333333333333,Thursday,High,Optimal
6962181067,2016-04-29,10762,7.1100001335144,7.1100001335144,0.0,0.819999992847443,0.479999989271164,5.80999994277954,0.0,12,15,369,645,2254,433.0,7.216666666666667,Friday,High,Optimal
6962181067,2016-04-30,10081,6.65999984741211,6.65999984741211,0.0,2.24000000953674,0.759999990463257,3.67000007629395,0.0,32,16,237,731,2002,422.0,7.033333333333333,Saturday,High,Optimal
6962181067,2016-05-01,5454,3.60999989509583,3.60999989509583,0.0,0.0,0.0,3.60999989509583,0.0,0,0,215,722,1740,411.0,6.85,Sunday,Low,Poor
6962181067,2016-05-02,12912,8.53999996185303,8.53999996185303,0.0,1.20000004768372,2.0,5.34000015258789,0.0,18,39,313,655,2162,466.0,7.766666666666667,Monday,High,Optimal
6962181067,2016-05-03,12109,8.11999988555908,8.11999988555908,0.0,1.74000000953674,2.03999996185303,4.32999992370605,0.0,21,36,267,654,2072,394.0,6.566666666666666,Tuesday,High,Poor
6962181067,2016-05-04,10147,6.71000003814697,6.71000003814697,0.0,0.469999998807907,1.67999994754791,4.55000019073486,0.0,15,36,284,683,2086,442.0,7.366666666666666,Wednesday,High,Optimal
6962181067,2016-05-05,10524,6.96000003814697,6.96000003814697,0.0,0.990000009536743,1.1599999666214,4.80999994277954,0.0,14,22,305,591,2066,467.0,7.783333333333333,Thursday,High,Optimal
6962181067,2016-05-06,5908,3.91000008583069,3.91000008583069,0.0,0.0,0.0,3.91000008583069,0.0,0,0,299,717,1850,443.0,7.383333333333334,Friday,Low,Optimal
6962181067,2016-05-07,6815,4.5,4.5,0.0,0.0,0.0,4.5,0.0,0,0,328,745,1947,298.0,4.966666666666667,Saturday,Low,Poor
6962181067,2016-05-08,4188,2.76999998092651,2.76999998092651,0.0,0.0,0.519999980926514,2.25,0.0,0,14,151,709,1659,541.0,9.016666666666667,Sunday,Low,Good
6962181067,2016-05-09,12342,8.72000026702881,8.68000030517578,3.16782188415527,3.90000009536743,1.17999994754791,3.65000009536743,0.0,43,21,231,607,2105,489.0,8.15,Monday,High,Good
6962181067,2016-05-10,15448,10.210000038147,10.210000038147,0.0,3.47000002861023,1.75,4.98999977111816,0.0,62,34,275,626,2361,469.0,7.816666666666666,Tuesday,High,Optimal
6962181067,2016-05-11,6722,4.44000005722046,4.44000005722046,0.0,1.49000000953674,0.310000002384186,2.65000009536743,0.0,24,7,199,709,1855,452.0,7.533333333333333,Wednesday,Low,Optimal
6962181067,2016-05-12,3587,2.36999988555908,2.36999988555908,0.0,0.0,0.25,2.10999989509583,0.0,0,8,105,127,928,516.0,8.6,Thursday,Low,Good
7007744171,2016-04-16,4631,3.09999990463257,3.09999990463257,0.0,0.0,0.0,3.09999990463257,0.0,0,0,203,1155,2076,79.0,1.3166666666666667,Saturday,Low,Poor
7007744171,2016-05-01,5600,3.75,3.75,0.0,0.0,0.0,3.75,0.0,0,0,237,1142,2225,58.0,0.9666666666666667,Sunday,Low,Poor
7086361926,2016-04-12,11317,8.40999984741211,8.40999984741211,0.0,5.26999998092651,0.150000005960464,2.97000002861023,0.0,59,6,153,745,2772,514.0,8.566666666666666,Tuesday,High,Good
7086361926,2016-04-13,5813,3.61999988555908,3.61999988555908,0.0,0.560000002384186,0.209999993443489,2.83999991416931,0.0,31,26,155,744,2516,451.0,7.516666666666667,Wednesday,Low,Optimal
7086361926,2016-04-14,9123,6.11999988555908,6.11999988555908,0.0,2.02999997138977,0.330000013113022,3.66000008583069,0.0,35,32,189,787,2734,472.0,7.866666666666666,Thursday,Moderate,Optimal
7086361926,2016-04-15,8585,5.67000007629395,5.67000007629395,0.0,2.03999996185303,1.11000001430511,2.52999997138977,0.0,30,21,139,864,2395,377.0,6.283333333333333,Friday,Moderate,Poor
7086361926,2016-04-19,10688,7.28999996185303,7.28999996185303,0.0,3.52999997138977,1.23000001907349,2.50999999046326,0.0,67,69,124,671,2944,472.0,7.866666666666666,Tuesday,High,Optimal
7086361926,2016-04-20,14365,10.6400003433228,10.6400003433228,0.0,7.6399998664856,0.449999988079071,2.53999996185303,0.0,87,13,145,797,2997,492.0,8.2,Wednesday,High,Good
7086361926,2016-04-21,9469,6.17999982833862,6.17999982833862,0.0,1.36000001430511,0.300000011920929,4.51000022888184,0.0,19,6,206,758,2463,390.0,6.5,Thursday,Moderate,Poor
7086361926,2016-04-22,9753,6.53000020980835,6.53000020980835,0.0,2.86999988555908,0.970000028610229,2.67000007629395,0.0,58,59,153,762,2846,428.0,7.133333333333334,Friday,Moderate,Optimal
7086361926,2016-04-24,3520,2.16000008583069,2.16000008583069,0.0,0.0,0.0,2.15000009536743,0.0,0,0,125,566,2049,681.0,11.35,Sunday,Low,Good
7086361926,2016-04-25,10091,6.82000017166138,6.82000017166138,0.0,3.75,0.699999988079071,2.36999988555908,0.0,69,39,129,706,2752,446.0,7.433333333333334,Monday,High,Optimal
7086361926,2016-04-26,10387,7.07000017166138,7.07000017166138,0.0,4.15999984741211,0.769999980926514,2.11999988555908,0.0,70,33,132,726,2781,485.0,8.083333333333334,Tuesday,High,Good
7086361926,2016-04-27,11107,8.34000015258789,8.34000015258789,0.0,5.63000011444092,0.180000007152557,2.52999997138977,0.0,55,6,145,829,2693,469.0,7.816666666666666,Wednesday,High,Optimal
7086361926,2016-04-28,11584,7.80000019073486,7.80000019073486,0.0,2.78999996185303,1.63999998569489,3.35999989509583,0.0,54,48,161,810,2862,354.0,5.9,Thursday,High,Poor
7086361926,2016-04-30,14560,9.40999984741211,9.40999984741211,0.0,3.11999988555908,1.03999996185303,5.23999977111816,0.0,42,17,308,584,2995,485.0,8.083333333333334,Saturday,High,Good
7086361926,2016-05-01,12390,8.06999969482422,8.06999969482422,0.0,2.29999995231628,0.899999976158142,4.84999990463257,0.0,30,15,258,685,2730,388.0,6.466666666666667,Sunday,High,Poor
7086361926,2016-05-02,10052,6.80999994277954,6.80999994277954,0.0,3.48000001907349,0.660000026226044,2.66000008583069,0.0,66,26,139,737,2754,440.0,7.333333333333333,Monday,High,Optimal
7086361926,2016-05-03,10288,6.76000022888184,6.76000022888184,0.0,2.74000000953674,0.850000023841858,3.16000008583069,0.0,57,36,152,761,2754,456.0,7.6,Tuesday,High,Optimal
7086361926,2016-05-04,10988,8.3100004196167,8.3100004196167,0.0,5.28000020980835,0.119999997317791,2.90000009536743,0.0,45,12,135,843,2655,420.0,7.0,Wednesday,High,Optimal
7086361926,2016-05-06,12461,8.38000011444092,8.38000011444092,0.0,3.8199999332428,1.42999994754791,3.11999988555908,0.0,84,35,154,834,2924,322.0,5.366666666666666,Friday,High,Poor
7086361926,2016-05-07,12827,8.47999954223633,8.47999954223633,0.0,1.46000003814697,2.32999992370605,4.67999982833862,0.0,20,42,209,621,2739,530.0,8.833333333333334,Saturday,High,Good
7086361926,2016-05-08,10677,7.09999990463257,7.09999990463257,0.0,2.30999994277954,1.52999997138977,3.25,0.0,32,27,147,695,2534,481.0,8.016666666666667,Sunday,High,Good
7086361926,2016-05-09,13566,9.10999965667725,9.10999965667725,0.0,4.26000022888184,1.71000003814697,3.11999988555908,0.0,67,50,171,743,2960,427.0,7.116666666666666,Monday,High,Optimal
7086361926,2016-05-11,9572,6.51999998092651,6.51999998092651,0.0,2.89000010490417,1.38999998569489,2.23000001907349,0.0,57,40,128,757,2735,451.0,7.516666666666667,Wednesday,Moderate,Optimal
7086361926,2016-05-12,3789,2.55999994277954,2.55999994277954,0.0,0.379999995231628,0.270000010728836,1.88999998569489,0.0,5,4,58,343,1199,444.0,7.4,Thursday,Low,Optimal
8053475328,2016-04-20,15108,12.1899995803833,12.1899995803833,0.0,9.57999992370605,0.230000004172325,2.38000011444092,0.0,89,5,158,695,3043,486.0,8.1,Wednesday,High,Good
8053475328,2016-04-23,22359,17.1900005340576,17.1900005340576,0.0,12.539999961853,0.629999995231628,4.01999998092651,0.0,125,14,223,741,3554,331.0,5.516666666666667,Saturday,High,Poor
8053475328,2016-05-07,19769,15.6700000762939,15.6700000762939,0.0,12.4399995803833,0.879999995231628,2.34999990463257,0.0,121,20,148,1076,3331,74.0,1.2333333333333334,Saturday,High,Poor
8378563200,2016-04-12,7626,6.05000019073486,6.05000019073486,2.25308108329773,0.829999983310699,0.709999978542328,4.5,0.0,65,15,156,723,3635,338.0,5.633333333333334,Tuesday,Moderate,Poor
8378563200,2016-04-13,12386,9.81999969482422,9.81999969482422,2.0921471118927,4.96000003814697,0.649999976158142,4.21000003814697,0.0,116,14,169,680,4079,447.0,7.45,Wednesday,High,Optimal
8378563200,2016-04-14,13318,10.5600004196167,10.5600004196167,2.25308108329773,5.61999988555908,1.02999997138977,3.91000008583069,0.0,123,21,174,699,4163,424.0,7.066666666666666,Thursday,High,Optimal
8378563200,2016-04-15,14461,11.4700002670288,11.4700002670288,0.0,4.90999984741211,1.14999997615814,5.40999984741211,0.0,60,23,190,729,3666,513.0,8.55,Friday,High,Good
8378563200,2016-04-16,11207,8.89000034332275,8.89000034332275,0.0,5.36999988555908,1.07000005245209,2.44000005722046,0.0,64,21,142,563,3363,611.0,10.183333333333334,Saturday,High,Good
8378563200,2016-04-17,2132,1.69000005722046,1.69000005722046,0.0,0.0,0.0,1.69000005722046,0.0,0,0,93,599,2572,525.0,8.75,Sunday,Low,Good
8378563200,2016-04-18,13630,10.8100004196167,10.8100004196167,2.0921471118927,5.05000019073486,0.560000002384186,5.19999980926514,0.0,117,10,174,720,4157,398.0,6.633333333333334,Monday,High,Poor
8378563200,2016-04-19,13070,10.3599996566772,10.3599996566772,2.25308108329773,5.30000019073486,0.879999995231628,4.17999982833862,0.0,120,19,154,737,4092,387.0,6.45,Tuesday,High,Poor
8378563200,2016-04-20,9388,7.44000005722046,7.44000005722046,2.0921471118927,2.23000001907349,0.439999997615814,4.78000020980835,0.0,82,8,169,763,3787,381.0,6.35,Wednesday,Moderate,Poor
8378563200,2016-04-21,15148,12.0100002288818,12.0100002288818,2.25308108329773,6.90000009536743,0.819999992847443,4.28999996185303,0.0,137,16,145,677,4236,396.0,6.6,Thursday,High,Poor
8378563200,2016-04-22,12200,9.67000007629395,9.67000007629395,2.0921471118927,4.90999984741211,0.589999973773956,4.17999982833862,0.0,113,12,159,769,4044,441.0,7.35,Friday,High,Optimal
8378563200,2016-04-23,5709,4.53000020980835,4.53000020980835,0.0,1.51999998092651,0.519999980926514,2.48000001907349,0.0,19,10,136,740,2908,565.0,9.416666666666666,Saturday,Low,Good
8378563200,2016-04-24,3703,2.94000005722046,2.94000005722046,0.0,0.0,0.0,2.94000005722046,0.0,0,0,135,734,2741,458.0,7.633333333333334,Sunday,Low,Optimal
8378563200,2016-04-25,12405,9.84000015258789,9.84000015258789,2.0921471118927,5.05000019073486,0.870000004768372,3.92000007629395,0.0,117,16,141,692,4005,388.0,6.466666666666667,Monday,High,Poor
8378563200,2016-04-25,12405,9.84000015258789,9.84000015258789,2.0921471118927,5.05000019073486,0.870000004768372,3.92000007629395,0.0,117,16,141,692,4005,388.0,6.466666666666667,Monday,High,Poor
8378563200,2016-04-26,16208,12.8500003814697,12.8500003814697,0.0,7.51000022888184,0.920000016689301,4.42000007629395,0.0,90,18,161,593,3763,550.0,9.166666666666666,Tuesday,High,Good
8378563200,2016-04-27,7359,5.84000015258789,5.84000015258789,0.0,0.330000013113022,0.180000007152557,5.32999992370605,0.0,4,4,192,676,3061,531.0,8.85,Wednesday,Low,Good
8378563200,2016-04-28,5417,4.30000019073486,4.30000019073486,0.0,0.899999976158142,0.490000009536743,2.91000008583069,0.0,11,10,139,711,2884,506.0,8.433333333333334,Thursday,Low,Good
8378563200,2016-04-29,6175,4.90000009536743,4.90000009536743,0.0,0.25,0.360000014305115,4.26999998092651,0.0,3,7,172,767,2982,527.0,8.783333333333333,Friday,Low,Good
8378563200,2016-04-30,2946,2.33999991416931,2.33999991416931,0.0,0.0,0.0,2.33999991416931,0.0,0,0,121,780,2660,468.0,7.8,Saturday,Low,Optimal
8378563200,2016-05-01,11419,9.0600004196167,9.0600004196167,0.0,6.03000020980835,0.560000002384186,2.47000002861023,0.0,71,10,127,669,3369,475.0,7.916666666666667,Sunday,High,Optimal
8378563200,2016-05-02,6064,4.80999994277954,4.80999994277954,2.0921471118927,0.629999995231628,0.170000001788139,4.01000022888184,0.0,63,4,142,802,3491,351.0,5.85,Monday,Low,Poor
8378563200,2016-05-03,8712,6.90999984741211,6.90999984741211,2.25308108329773,1.3400000333786,1.05999994277954,4.5,0.0,71,20,195,822,3784,405.0,6.75,Tuesday,Moderate,Poor
8378563200,2016-05-04,7875,6.23999977111816,6.23999977111816,0.0,1.55999994277954,0.490000009536743,4.19999980926514,0.0,19,10,167,680,3110,441.0,7.35,Wednesday,Moderate,Optimal
8378563200,2016-05-05,8567,6.78999996185303,6.78999996185303,2.25308108329773,0.889999985694885,0.159999996423721,5.73999977111816,0.0,66,3,214,764,3783,381.0,6.35,Thursday,Moderate,Poor
8378563200,2016-05-06,7045,5.59000015258789,5.59000015258789,2.0921471118927,1.54999995231628,0.25,3.77999997138977,0.0,74,5,166,831,3644,323.0,5.383333333333334,Friday,Low,Poor
8378563200,2016-05-07,4468,3.53999996185303,3.53999996185303,0.0,0.0,0.0,3.53999996185303,0.0,0,0,158,851,2799,459.0,7.65,Saturday,Low,Optimal
8378563200,2016-05-08,2943,2.32999992370605,2.32999992370605,0.0,0.0,0.0,2.32999992370605,0.0,0,0,139,621,2685,545.0,9.083333333333334,Sunday,Low,Good
8378563200,2016-05-09,8382,6.65000009536743,6.65000009536743,2.0921471118927,1.26999998092651,0.660000026226044,4.71999979019165,0.0,71,13,171,772,3721,359.0,5.983333333333333,Monday,Moderate,Poor
8378563200,2016-05-10,6582,5.21999979019165,5.21999979019165,2.25308108329773,0.660000026226044,0.639999985694885,3.92000007629395,0.0,63,13,152,840,3586,342.0,5.7,Tuesday,Low,Poor
8378563200,2016-05-11,9143,7.25,7.25,2.0921471118927,1.38999998569489,0.589999973773956,5.26999998092651,0.0,72,10,184,763,3788,368.0,6.133333333333334,Wednesday,Moderate,Poor
8378563200,2016-05-12,4561,3.61999988555908,3.61999988555908,0.0,0.649999976158142,0.270000010728836,2.69000005722046,0.0,8,6,102,433,1976,496.0,8.266666666666667,Thursday,Low,Good
8792009665,2016-04-12,2564,1.63999998569489,1.63999998569489,0.0,0.0,0.0,1.63999998569489,0.0,0,0,116,831,2044,458.0,7.633333333333334,Tuesday,Low,Optimal
8792009665,2016-04-13,1320,0.839999973773956,0.839999973773956,0.0,0.0,0.0,0.839999973773956,0.0,0,0,82,806,1934,531.0,8.85,Wednesday,Low,Good
8792009665,2016-04-14,1219,0.779999971389771,0.779999971389771,0.0,0.0,0.0,0.779999971389771,0.0,0,0,84,853,1963,486.0,8.1,Thursday,Low,Good
8792009665,2016-04-15,2483,1.5900000333786,1.5900000333786,0.0,0.0,0.0,1.5900000333786,0.0,0,0,126,937,2009,363.0,6.05,Friday,Low,Poor
8792009665,2016-04-20,3147,2.00999999046326,2.00999999046326,0.0,0.0,0.280000001192093,1.74000000953674,0.0,0,10,139,744,2188,528.0,8.8,Wednesday,Low,Good
8792009665,2016-04-22,4068,2.59999990463257,2.59999990463257,0.0,0.0500000007450581,0.280000001192093,2.26999998092651,0.0,1,20,195,817,2419,391.0,6.516666666666667,Friday,Low,Poor
8792009665,2016-04-23,5245,3.35999989509583,3.35999989509583,0.0,0.159999996423721,0.439999997615814,2.75,0.0,8,45,232,795,2748,339.0,5.65,Saturday,Low,Poor
8792009665,2016-04-27,1758,1.12999999523163,1.12999999523163,0.0,0.0,0.0,1.12999999523163,0.0,0,0,112,900,2067,423.0,7.05,Wednesday,Low,Optimal
8792009665,2016-04-28,6157,3.94000005722046,3.94000005722046,0.0,0.0,0.0,3.94000005722046,0.0,0,0,310,714,2780,402.0,6.7,Thursday,Low,Poor
8792009665,2016-04-29,8360,5.34999990463257,5.34999990463257,0.0,0.140000000596046,0.280000001192093,4.92999982833862,0.0,6,14,380,634,3101,398.0,6.633333333333334,Friday,Moderate,Poor
8792009665,2016-04-30,7174,4.59000015258789,4.59000015258789,0.0,0.330000013113022,0.360000014305115,3.91000008583069,0.0,10,20,301,749,2896,343.0,5.716666666666667,Saturday,Low,Poor
8792009665,2016-05-01,1619,1.03999996185303,1.03999996185303,0.0,0.0,0.0,1.03999996185303,0.0,0,0,79,834,1962,503.0,8.383333333333333,Sunday,Low,Good
8792009665,2016-05-02,1831,1.16999995708466,1.16999995708466,0.0,0.0,0.0,1.16999995708466,0.0,0,0,101,916,2015,415.0,6.916666666666667,Monday,Low,Poor
8792009665,2016-05-03,2421,1.54999995231628,1.54999995231628,0.0,0.0,0.0,1.54999995231628,0.0,0,0,156,739,2297,516.0,8.6,Tuesday,Low,Good
8792009665,2016-05-04,2283,1.46000003814697,1.46000003814697,0.0,0.0,0.0,1.46000003814697,0.0,0,0,129,848,2067,439.0,7.316666666666666,Wednesday,Low,Optimal
